Alumni,205
Bingham,317
Campus_Y,207
Carolina,104
Carolina,204
Chapman,125
Chapman,201
Chapman,211
Coker,201
Davie,101
Davie,301
Dey,203
Dey,204
Fetzer,109
Fred,Brooks
Gardner,07
GEC,1009
GEC,3024
GEC,3033
Graham_Memorial,035
Graham_Memorial,038
Graham_Memorial,210
Graham_Memorial,212
Graham_Memorial,213
Greenlaw,103
Greenlaw,104
Greenlaw,106
Greenlaw,107
Greenlaw,317
Greenlaw,318
Greenlaw,319
GSB,1370
GSB,1373
GSB,1374
GSB,1378
GSB,G10
GSB,G100
GSB,G200
HAC,116
HAC,117
HAC,118
Hamilton,351
Hamilton,420
Hamilton,423
Hamilton,425
Hamilton,452
Hamilton,517
Hamilton,523
Hamilton,570
Hanes_Hall,107
Hanes_Hall,112
Hanes_Hall,120
Hanes_Hall,125
Kenan_Labs,121
Kenan_Labs,125
Manning,307
Mitchell,09
Mitchell,106
Mitchell,205
Mitchell,305
Murphey,105
Murphey,220
Murphey,221
Murphey,314
New_East,102
New_West,102
Peabody,204
Peabody,215
Peabody,216
Peabody,217
Peabody,218
Peabody,220
Peabody,306
Peabody,311
Phillips,212
Phillips,215
Phillips,220
Phillips,222
Phillips,228
Phillips,301
Phillips,328
Phillips,332
Phillips,367
Phillips,381
Phillips,383
Phillips,385
Smith,107
Stone,200
Stone,201
Wilson,107
Wilson,128
Wilson,139
Wilson,202
Wilson,217
Bingham,101
Bingham,103
Bingham,108
Bingham,208
Bingham,217
Bingham,301
Bingham,309
Carroll,111
Cobb,021
Cobb,024
Dey,205
Dey,207
Dey,302
Dey,303A
Dey,306
Dey,401
Dey,402
Dey,403
Dey,405
Dey,410
Dey,412
Gardner,01
Gardner,09
GEC,1015
Mitchell,05
Murphey,117
Murphey,118
Murray,G202
Peabody,10
Phillips,206
Phillips,208
Phillips,224
Phillips,335
TTK,114
Alumni,203
Alumni,207
Alumni,308
Caldwell,103
Caldwell,105
Caldwell,208
Carolina,213
Carolina,220
Carolina,322
Davie,112
Dey,201
Dey,202
Dey,206
Dey,208
Dey,209
Dey,210
Dey,301
Dey,303
Dey,304
Dey,305
Dey,307
Dey,313
Dey,404
Fetzer,104
Fetzer,106
Gardner,08
Gardner,105
Gardner,106
Gardner,209
Gardner,210
Gardner,307
Gardner,308
Gardner,309
GEC,1005
Greenlaw,101
Greenlaw,222
Greenlaw,301
Greenlaw,302
Greenlaw,304
Greenlaw,305
Greenlaw,526A
HAC,121
HAC,215
HAC,218
Hamilton,100
Hamilton,150
Hanes_Hall,130
Howell,115
Manning,209
Murphey,104
Murphey,111
Murphey,112
Murphey,115
Murphey,116
Murphey,202
Murphey,204
Murphey,222
Murphey,302
Murray,G201
Murray,G205
New_East,301
New_West,219
Peabody,104
Peabody,203
Phillips,247
Phillips,265
Stone,103
Stone,209
Stone,210
Venable,G307
Venable,G311
Woolen,301
Woolen,302
Woolen,303
Woolen,304
